date,Eq1,obs
2016-01-31,63.79626750763178,53.32800412843635
2016-02-01,63.870096218332954,53.53842297025253
2016-02-02,63.96858434204473,53.41363214890606
2016-02-03,64.09095450452483,53.21831125818564
2016-02-04,64.1586729086278,53.29530956065916
2016-02-05,64.21320204282637,53.44803335422304
2016-02-06,64.24737670803736,53.63290578065634
2016-02-07,64.3164602749503,53.70057082798075
2016-02-08,64.41289765537073,53.74834023335527
2016-02-09,64.51373403190632,53.79243759648025
2016-02-10,64.59418895990623,53.93298876750176
2016-02-11,64.69021615215861,54.10763560608144
2016-02-12,64.78431199616986,54.25951949034046
2016-02-13,64.85100272072212,54.37064965981965
2016-02-14,64.93937402465394,54.46921978972443
2016-02-15,65.0267571674139,54.54537775493206
2016-02-16,65.08633839294984,54.607826219455326
2016-02-17,65.16306305594924,54.66630642405679
2016-02-18,65.22817529986628,54.75854879182947
2016-02-19,65.2990081756669,54.84444553872535
2016-02-20,65.38561285902173,54.93640423117858
2016-02-21,65.47843072386806,55.005683911152886
2016-02-22,65.54988343964749,55.066155721646034
2016-02-23,65.62741513356212,55.11332107398953
2016-02-24,65.68176949375567,55.16023722973277
2016-02-25,65.70801201485395,55.207888912270754
2016-02-26,65.69946438131136,55.268619337742
2016-02-27,65.69170485755856,55.35467276150175
2016-02-28,65.71775154003011,55.47184755244061
2016-02-29,65.7811773847602,55.570615517566175
2016-03-01,65.85866676270959,55.69665748450166
2016-03-02,65.9468718755814,55.77636694329121
2016-03-03,65.97201811589315,55.8965338031706
2016-03-04,65.96989172084855,56.04771505467689
2016-03-05,65.96356082194453,56.13770789751538
2016-03-06,65.99636131102892,56.18489949535402
2016-03-07,66.08172606989638,56.22715665846986
2016-03-08,66.14973498603996,56.31651064508964
2016-03-09,66.17543581562938,56.40902620206769
2016-03-10,66.14820576204033,56.48961818045457
2016-03-11,66.11250212144334,56.53055246385147
2016-03-12,66.10624958635714,56.55542138371378
2016-03-13,66.11977542673317,56.57943832140956
2016-03-14,66.12393820862873,56.573347686573925
2016-03-15,66.09970493881461,56.55225878218424
2016-03-16,66.02832922913214,56.55555194303436
2016-03-17,65.97424837338939,56.575004676312105
2016-03-18,65.96404446929031,56.588081241977065
2016-03-19,65.9673122518193,56.555199665323
2016-03-20,66.0045892232627,56.556488036925096
2016-03-21,66.02105355330589,56.55850441039486
2016-03-22,66.03088752732873,56.571302114047405
2016-03-23,66.01314601155758,56.571193843775646
2016-03-24,65.99229493729811,56.57702367490586
2016-03-25,65.97787630993861,56.584087085125255
2016-03-26,66.04061622233604,56.61567186448875
2016-03-27,66.06789847505698,56.645593286196096
2016-03-28,66.06907399915143,56.64195273370073
2016-03-29,66.0535782128758,56.562438569071645
2016-03-30,66.07723037462878,56.47047616878496
2016-03-31,66.03509034975667,56.43536520444577
2016-04-01,65.95811458556196,56.44123101704454
2016-04-02,65.87630565058562,56.43883211049816
2016-04-03,65.84678050243801,56.42229435404191
2016-04-04,65.85777786766239,56.44354898089318
2016-04-05,65.81429215351326,56.47242510659571
2016-04-06,65.72648069752765,56.476662216198456
2016-04-07,65.62613470082195,56.44294946509954
2016-04-08,65.53166363208712,56.40421650267489
2016-04-09,65.49216371365594,56.38419964360104
2016-04-10,65.46465440424856,56.35896022051622
2016-04-11,65.43502896322089,56.33461611834542
2016-04-12,65.35070631006434,56.2958241416645
2016-04-13,65.27779103191524,56.32623472569836
2016-04-14,65.25256292704844,56.363218594902506
2016-04-15,65.2319966494806,56.37953193997728
2016-04-16,65.19722875809941,56.34792560894656
2016-04-17,65.13370438908908,56.283199205374096
2016-04-18,65.10106729595772,56.22333224504999
2016-04-19,65.11494097022646,56.10021448865189
2016-04-20,65.09323425586797,55.99098938091869
2016-04-21,65.05504700040612,55.87688774110449
2016-04-22,65.00777469419437,55.81401712924009
2016-04-23,65.00170618674105,55.7412890364013
2016-04-24,64.91905143221729,55.67097040368335
2016-04-25,64.86284313393516,55.557607302309215
2016-04-26,64.82940053631731,55.42483795299759
2016-04-27,64.82950556816203,55.27378043472087
2016-04-28,64.80157692024001,55.13726553516766
2016-04-29,64.8060272270164,55.02180564990904
2016-04-30,64.85612630025045,54.91164546091756
2016-05-01,64.94018106970861,54.798743603446425
2016-05-02,65.02546946892599,54.67974583448596
2016-05-03,65.0435136777063,54.547583404424046
2016-05-04,65.0701686544077,54.39760604780584
2016-05-05,65.11156568565347,54.27231596275371
2016-05-06,65.12198387028637,54.16902859078751
2016-05-07,65.14485725350727,54.07748814433268
2016-05-08,65.16960721720162,53.99099978259561
2016-05-09,65.18406695343008,53.91844344076654
2016-05-10,65.20925302294951,53.88214667603536
2016-05-11,65.24365349295871,53.82869267868583
2016-05-12,65.29091767745172,53.79610521830087
2016-05-13,65.35397389836488,53.730614217888295
2016-05-14,65.44694559130136,53.70047022308847
2016-05-15,65.5160765438283,53.68603459133559
2016-05-16,65.60959360790432,53.73148484264743
2016-05-17,65.77498536629471,53.85284624324977
2016-05-18,65.9866528590963,53.94677865013988
2016-05-19,66.04028927009236,54.06816234172682
2016-05-20,66.0517257752403,54.139721290234654
2016-05-21,66.0777074329955,54.243975030775616
2016-05-22,66.11101373983105,54.285254785003225
2016-05-23,66.14725002687518,54.31003073931723
2016-05-24,66.15276396934115,54.34044380802593
2016-05-25,66.12935064681471,54.37329500908026
2016-05-26,66.14516772589101,54.40698038621775
2016-05-27,66.13124078266692,54.433890688648574
2016-05-28,66.09856414378572,54.49712140743146
2016-05-29,66.07790354172181,54.56982069316153
2016-05-30,66.04318965740109,54.61347203813696
2016-05-31,65.98886919254362,54.66612035219934
2016-06-01,65.90696095823587,54.68126915063986
2016-06-02,65.79247408969712,54.72562780662176
2016-06-03,65.74428444823778,54.77480693584506
2016-06-04,65.78192103317413,54.81870096644249
2016-06-05,65.84683782703013,54.84538796261129
2016-06-06,65.90069890300356,54.890273818517656
2016-06-07,65.91205747226923,54.951128483457296
2016-06-08,65.92478357628917,54.95717172007003
2016-06-09,65.95305281267977,54.8974554119709
2016-06-10,65.9827331462489,54.82794537257038
2016-06-11,66.03767750673782,54.783506726458505
2016-06-12,66.11488589077757,54.753556511948936
2016-06-13,66.11490618878793,54.68204492197661
2016-06-14,66.05059186357948,54.56169377708274
2016-06-15,65.9742043782035,54.41177872704849
2016-06-16,65.82130797664479,54.22313974038761
2016-06-17,65.46299261235201,54.14664539209479
2016-06-18,65.31955120274542,54.06548872517176
2016-06-19,65.18364715978987,54.01061013160815
2016-06-20,65.08853517077222,53.896003224840136
2016-06-21,65.00337122028893,53.81674068315522
2016-06-22,64.92564993581732,53.79389460336199
2016-06-23,64.82878212456538,53.75315609653324
2016-06-24,64.70582311829669,53.72674162164523
2016-06-25,64.5937170800423,53.72132686967621
2016-06-26,64.46218852719063,53.77072072769383
2016-06-27,64.33902250741512,53.81238723132442
2016-06-28,64.16963872060177,53.83679566875738
2016-06-29,64.01035499785041,53.87701716444726
2016-06-30,63.784442731532614,53.90910079158834
2016-07-01,63.46713966884053,53.97517247660754
2016-07-02,63.23363401650719,54.025498052512496
2016-07-03,63.04319785368474,54.05419870958983
2016-07-04,62.81208100063078,54.097970240529655
2016-07-05,62.50098478867363,54.11781073436153
2016-07-06,62.15053800130569,54.08815183498209
2016-07-07,61.94696837005483,53.99321203581137
2016-07-08,61.80407775203538,53.94566856444239
2016-07-09,61.69796195026007,53.96025988269543
2016-07-10,61.61163613601907,54.022828250444725
2016-07-11,61.52685978808963,54.007215906128856
2016-07-12,61.5072740582757,53.95436410205878
2016-07-13,61.508003612432255,53.89520382082038
2016-07-14,61.44100447057073,53.90659521808834
2016-07-15,61.40858471477283,53.93926660113787
2016-07-16,61.413241453122424,53.98815921283136
2016-07-17,61.42153511471508,53.9625656455755
2016-07-18,61.4731621640397,53.940644911008384
2016-07-19,61.528544118872645,53.9192643359854
2016-07-20,61.57767823271395,53.93012869428242
2016-07-21,61.594716765139985,53.9352330413067
2016-07-22,61.6131095884304,53.9035534703302
2016-07-23,61.63059817428343,53.88413111676272
2016-07-24,61.703519733278654,53.86727952355274
2016-07-25,61.79282323806172,53.81583013878519
2016-07-26,61.890569563212054,53.732326466676255
2016-07-27,61.96890633808312,53.65855601692772
2016-07-28,62.07575153349804,53.61788411264637
2016-07-29,62.209548920986094,53.56159461048635
2016-07-30,62.30823006943388,53.48387240774864
2016-07-31,62.43755743227595,53.39746612071214
2016-08-01,62.53168647215127,53.34907012826706
2016-08-02,62.605562116546956,53.350621152456704
2016-08-03,62.66730037256672,53.30501421474877
2016-08-04,62.73365632500433,53.27923375015982
2016-08-05,62.830201375153536,53.28269896193208
2016-08-06,62.860968111183304,53.37313262588045
2016-08-07,62.904530287155474,53.46979076575845
2016-08-08,62.999009512169565,53.52792107796471
2016-08-09,63.083248475171736,53.541931820651385
2016-08-10,63.14549413250805,53.60993458119976
2016-08-11,63.201562382352144,53.71415954946372
2016-08-12,63.228462476131995,53.87835687898064
2016-08-13,63.23555421729322,53.98125890709631
2016-08-14,63.254383084947484,54.0757837753505
2016-08-15,63.31721781234481,54.13892997626238
2016-08-16,63.39976773131258,54.22924353267699
2016-08-17,63.48746594441248,54.330688800879024
2016-08-18,63.55372166537518,54.4149364917274
2016-08-19,63.555209015843836,54.494984469133655
2016-08-20,63.541630554556306,54.57091246685209
2016-08-21,63.58765142031239,54.66607544672515
2016-08-22,63.61653959447049,54.74285978425733
2016-08-23,63.63179804840684,54.79716897112804
2016-08-24,63.60609566161026,54.880153217346496
2016-08-25,63.58783122359625,54.997570581918566
2016-08-26,63.521554938189915,55.10718537155428
2016-08-27,63.50366953683383,55.17446465482048
2016-08-28,63.501757140137634,55.234425923916646
2016-08-29,63.566488951420176,55.31243844504274
2016-08-30,63.60011713793748,55.41335612308397
2016-08-31,63.583212918161344,55.44793069023837
2016-09-01,63.56135806119083,55.45571090124852
2016-09-02,63.51408913641913,55.48896752836128
2016-09-03,63.50875798829972,55.57209881878671
2016-09-04,63.52094498112221,55.649631152643565
2016-09-05,63.543865567743154,55.688210524118325
2016-09-06,63.593868925004124,55.6656731648662
2016-09-07,63.6360854417415,55.668341890952256
2016-09-08,63.67327721272267,55.67120903106783
2016-09-09,63.70620974154305,55.70611814103856
2016-09-10,63.729032812543814,55.72015113685528
2016-09-11,63.816532775731176,55.69679541297878
2016-09-12,63.84653348651644,55.6974133752853
2016-09-13,63.872354326006935,55.678327367401465
2016-09-14,63.90390826145269,55.672502000137854
2016-09-15,63.94454916514554,55.61303672069196
2016-09-16,63.98356488419037,55.52258150673519
2016-09-17,63.98168469468634,55.458254220243866
2016-09-18,64.00469565472466,55.40026645044146
2016-09-19,64.05398300831001,55.340187426030674
2016-09-20,64.08438079791244,55.2712137558109
2016-09-21,64.15648075475065,55.203978411543645
2016-09-22,64.21214502695082,55.18544005032839
2016-09-23,64.25899843996856,55.12817445858256
2016-09-24,64.30182984307481,55.03864815096266
2016-09-25,64.3095082612173,54.92294216567651
2016-09-26,64.29898802071277,54.83168093703192
2016-09-27,64.30159864032147,54.77063689950085
2016-09-28,64.31878299298569,54.69120256963973
2016-09-29,64.33944664346686,54.603050137178
2016-09-30,64.34206439532761,54.54189944270218
2016-10-01,64.33429388239395,54.48362328645349
2016-10-02,64.35178509933235,54.427980960662346
2016-10-03,64.3452796960685,54.32880369466486
2016-10-04,64.31599802169968,54.24536752939912
2016-10-05,64.29706624401183,54.13355764485615
2016-10-06,64.27679270279478,54.05686497782405
2016-10-07,64.2309898774668,53.97313937583717
2016-10-08,64.10784099543343,53.94419835781826
2016-10-09,64.02892055078587,53.86268401523963
2016-10-10,63.985998861822075,53.76841784337428
2016-10-11,63.961937841897694,53.63270424181464
2016-10-12,63.9147070101296,53.50173921821358
2016-10-13,63.84817085249925,53.38689006420147
2016-10-14,63.77264474012041,53.27484444694016
2016-10-15,63.67813144066317,53.20699699118796
2016-10-16,63.60270319632286,53.17886675706512
2016-10-17,63.55539117049452,53.15507148712548
2016-10-18,63.50143261606083,53.13033281943817
2016-10-19,63.470372498632436,53.08782168244318
2016-10-20,63.426659145658355,53.020279496683855
2016-10-21,63.37048768406418,52.958294426144505
2016-10-22,63.31779515961048,52.86822480779475
2016-10-23,63.278658108378806,52.83224206449362
2016-10-24,63.257710976229994,52.77166316547519
2016-10-25,63.236275145878544,52.71867573200634
2016-10-26,63.199541166034216,52.61965385574602
2016-10-27,63.12560502870828,52.525150886339
2016-10-28,63.05285183135847,52.45482844150287
2016-10-29,63.00041325007121,52.367437978581975
2016-10-30,62.97363474109002,52.24355617271815
2016-10-31,62.98714902158446,52.08101271481446
2016-11-01,62.98409377022343,51.92888631203182
2016-11-02,62.98539985203196,51.78849036109707
2016-11-03,62.99119139310648,51.642134108187285
2016-11-04,62.96323219489916,51.54572721787424
2016-11-05,62.93280695002322,51.48467689209589
2016-11-06,62.91371957932442,51.40378914623118
2016-11-07,62.88654095302285,51.24441065008848
2016-11-08,62.87361174114568,51.075903874387166
2016-11-09,62.837121099471716,50.953739690306
2016-11-10,62.76366552234152,50.880609757023045
2016-11-11,62.68193932757207,50.8008870249534
2016-11-12,62.604001431541526,50.709942570596816
2016-11-13,62.5329011177342,50.6377390540554
2016-11-14,62.533604973084564,50.55169868664889
2016-11-15,62.49340074509066,50.46554718944215
2016-11-16,62.460252058969644,50.34824056488215
2016-11-17,62.40689370434237,50.244438187089045
2016-11-18,62.346331091280724,50.16122398765728
2016-11-19,62.320367456732754,50.11245693763073
2016-11-20,62.27568395204339,50.068762040369904
2016-11-21,62.26448446793599,50.02346506918241
2016-11-22,62.2338414158285,49.95199255366413
2016-11-23,62.17612863262843,49.93988642487602
2016-11-24,62.110763484866006,49.96008962745703
2016-11-25,62.075701144136445,50.05064029767485
2016-11-26,62.0291499295661,50.112504698087314
2016-11-27,61.998131085659026,50.14887577757839
2016-11-28,61.98751570942399,50.18040963861245
2016-11-29,61.985873616762525,50.27046862020938
2016-11-30,61.9960620242125,50.4092171646659
2016-12-01,61.982240816020884,50.52456607524021
2016-12-02,61.97755215448306,50.61290322028493
2016-12-03,61.994640168998714,50.68380310237453
2016-12-04,62.010032192696286,50.72512626400418
2016-12-05,62.045893935430065,50.72689228213133
2016-12-06,62.048667527644035,50.751853332218296
2016-12-07,62.038146438710974,50.816827068193376
2016-12-08,62.03682715877994,50.91000664838002
2016-12-09,62.025243484724,50.97860829984285
2016-12-10,62.03414168354665,51.05958394048082
2016-12-11,62.0567039091322,51.15205862722184
2016-12-12,62.086444263149815,51.24205220588674
2016-12-13,62.114615533747084,51.29623743414175
2016-12-14,62.12170248567646,51.34570643416856
2016-12-15,62.11456277229808,51.38279115505016
2016-12-16,62.11417986804798,51.4578218591501
2016-12-17,62.11762242195509,51.51773393772135
2016-12-18,62.12673908483038,51.56300435353237
2016-12-19,62.134879273813645,51.6005338318683
2016-12-20,62.14000148221819,51.65013414428108
2016-12-21,62.13399240042984,51.71319634478159
2016-12-22,62.11454406841374,51.77731098590978
2016-12-23,62.09037040359825,51.79363710639554
2016-12-24,62.078771272660845,51.791271997820026
2016-12-25,62.073368782405936,51.74209596082021
2016-12-26,62.082274054203516,51.70540958570402
2016-12-27,62.078601172606454,51.68561379221075
2016-12-28,62.05496868912572,51.68685149514173
2016-12-29,62.045072811095736,51.676326779661366
2016-12-30,62.02836330567829,51.68111551724681
2016-12-31,62.021811763913824,51.70581236839293
2017-01-01,62.10551015076543,51.751348851177
2017-01-02,62.13343638856644,51.79829463601532
2017-01-03,62.13157449938353,51.85010578826115
2017-01-04,62.111278208457215,51.91101502681658
2017-01-05,62.084084885974,51.95152543278815
2017-01-06,62.06274981790897,51.98844942698344
2017-01-07,62.05537016376401,52.01856128137434
2017-01-08,62.10140572624061,52.05475581737769
2017-01-09,62.118680969586435,52.05530524019552
2017-01-10,62.12839494398183,52.05356198038093
2017-01-11,62.13805830598354,52.0683331389284
2017-01-12,62.14463270767741,52.13320504733149
2017-01-13,62.1623264455728,52.20523871748186
2017-01-14,62.153749545268454,52.24598551574168
2017-01-15,62.1275845358898,52.22431363638033
2017-01-16,62.15781241553678,52.20797281659325
2017-01-17,62.18725903660274,52.2426613342651
2017-01-18,62.23333037373389,52.28109970775717
2017-01-19,62.28706665537573,52.31728584574986
2017-01-20,62.35397351697791,52.312678069469385
2017-01-21,62.39234064122343,52.306879654475935
2017-01-22,62.42968466157982,52.30181569663891
2017-01-23,62.463493912525585,52.294348802709415
2017-01-24,62.55415031144703,52.31421875668752
2017-01-25,62.51375873793259,52.352662197154885
2017-01-26,62.52129000075175,52.39688391649445
2017-01-27,62.547994047356966,52.440895177642176
2017-01-28,62.58577455056173,52.43761135816336
2017-01-29,62.62823314918487,52.39512126103504
2017-01-30,62.67321850746429,52.31825213732186
2017-01-31,62.71114693136085,52.26054974095798
2017-02-01,62.73399805113059,52.23383303012028
2017-02-02,62.76502965085424,52.2168449075236
2017-02-03,62.8099029170883,52.2038011436849
2017-02-04,62.858602608032,52.22190602501563
2017-02-05,62.945495030559506,52.27269742224265
2017-02-06,63.01894382032479,52.33627028611278
2017-02-07,63.07644425553247,52.39127785505283
2017-02-08,63.146758580684526,52.46252900210916
2017-02-09,63.23157803810709,52.544823320107575
2017-02-10,63.281076286019854,52.622044237181605
2017-02-11,63.30749414825405,52.63432105098168
2017-02-12,63.324586825505044,52.62943919494924
2017-02-13,63.34665179742825,52.67238797864236
2017-02-14,63.39330132269868,52.80848987563317
2017-02-15,63.41834935556816,52.95226521306648
2017-02-16,63.4744070527093,53.02073692393685
2017-02-17,63.51920999418081,53.05210492313896
2017-02-18,63.57480411931304,53.05200402122664
2017-02-19,63.582828180108834,53.10242104015745
2017-02-20,63.67042365900203,53.15381151761043
2017-02-21,63.713611813789576,53.26792131630196
2017-02-22,63.74793250976826,53.370911425693166
2017-02-23,63.777300119775006,53.46040866450871
2017-02-24,63.804638075923755,53.46150831557066
2017-02-25,63.8347337794082,53.450546718695456
2017-02-26,63.869469108441116,53.44461270118765
2017-02-27,63.926032598394265,53.52444680362747
2017-02-28,63.95121710858951,53.63063425261642
2017-03-01,63.947984552662064,53.77634106787013
2017-03-02,63.971312303247,53.88806536068263
2017-03-03,63.982359922049106,53.99387870907432
2017-03-04,63.94880842582247,54.11952998838989
2017-03-05,63.94431407898098,54.26199112402168
2017-03-06,63.93074615779657,54.35255453884231
2017-03-07,63.93906852347198,54.37164178027518
2017-03-08,63.9438629299192,54.36439479129504
2017-03-09,63.95434772081798,54.36908200636172
2017-03-10,63.95771629539043,54.37124914485111
2017-03-11,63.95734699988344,54.34688198297971
2017-03-12,63.92558253753932,54.319284370509045
2017-03-13,63.87986198934741,54.348405648281
2017-03-14,63.83777251133373,54.41507625100903
2017-03-15,63.81541619215671,54.45703495895505
2017-03-16,63.81472632144367,54.43011405982246
2017-03-17,63.751501589838156,54.36904895660779
2017-03-18,63.68074641033664,54.36737924251343
2017-03-19,63.635589684376995,54.39136461429568
2017-03-20,63.595190647824374,54.44841359937032
2017-03-21,63.5376668531733,54.466937885198966
2017-03-22,63.48015826688833,54.47566639915728
2017-03-23,63.42198251496502,54.41743561307982
2017-03-24,63.358233260595654,54.38180516205802
2017-03-25,63.291973960344365,54.35611181383995
2017-03-26,63.26240669521745,54.43753186522691
2017-03-27,63.24976038350327,54.517241770189685
2017-03-28,63.204344285827744,54.55721521319931
2017-03-29,63.15850629911084,54.52208646502738
2017-03-30,63.10734846208106,54.459628264510215
2017-03-31,63.069183689321896,54.39646847182861
2017-04-01,63.04178417598441,54.34701319745347
2017-04-02,63.04782544320269,54.25933789683689
2017-04-03,63.047362334507426,54.12801553246937
2017-04-04,63.04664800222377,53.95947685257112
2017-04-05,63.03122601915305,53.82861124104279
2017-04-06,63.00941637750778,53.76112535269903
2017-04-07,62.981570298099506,53.7127128362736
2017-04-08,62.95396562081541,53.6805992124628
2017-04-09,62.91010857025387,53.65974668476512
2017-04-10,62.8913952939143,53.65771457098635
2017-04-11,62.943150860482966,53.66261751570313
2017-04-12,62.91911440423171,53.60291310629994
2017-04-13,62.879876390679954,53.51923532938361
2017-04-14,62.866117240620184,53.41067381998505
2017-04-15,62.86675671010979,53.31276665069749
2017-04-16,62.866941484466984,53.22886139157591
2017-04-17,62.870139139889574,53.14916882016482
2017-04-18,62.913952979416365,53.086731563042704
2017-04-19,62.9172908908888,52.995060447334936
2017-04-20,62.898315815475144,52.895710377009536
2017-04-21,62.86588654518879,52.81478428527735
2017-04-22,62.85766698630275,52.75807490357072
2017-04-23,62.86609197846035,52.69256490705365
2017-04-24,62.87303880985658,52.59792027943658
2017-04-25,62.86453807501551,52.44903574272561
2017-04-26,62.82210682680946,52.29731787657264
2017-04-27,62.76655575505725,52.18489009841581
2017-04-28,62.72277307455849,52.14128463524693
2017-04-29,62.75858200385094,52.129989347181045
2017-04-30,62.78728183535423,52.100665642710936
2017-05-01,62.806426935811054,52.08063552518779
2017-05-02,62.82089161692893,52.10640005665133
2017-05-03,62.84739011716066,52.15981934862951
2017-05-04,62.84159716797324,52.224548008015184
2017-05-05,62.79234345349044,52.27261573337539
2017-05-06,62.7460160526192,52.2972698038806
2017-05-07,62.75910154805434,52.3081997152667
2017-05-08,62.773802703535786,52.282029907473095
2017-05-09,62.77913675214313,52.23140448035712
2017-05-10,62.78663624312572,52.15195806365048
2017-05-11,62.794004815740074,52.06692219722126
2017-05-12,62.806194901612535,52.04932784930266
2017-05-13,62.84507582895943,52.04853718806514
2017-05-14,62.86625537718604,52.07123125172003
2017-05-15,62.89292297709832,52.10821240805284
2017-05-16,62.96000801360898,52.16226564408232
2017-05-17,63.055225191278126,52.19286244833183
2017-05-18,63.06305088391319,52.210013434605
2017-05-19,63.064187988703296,52.25061687318213
2017-05-20,63.063385312429084,52.31949241711976
2017-05-21,63.05495393074301,52.35819419089406
2017-05-22,63.05390030455049,52.39611989304244
2017-05-23,63.050586732630016,52.43267377511272
2017-05-24,63.07817900658582,52.50602882582733
2017-05-25,63.03449391461224,52.604802241566105
2017-05-26,63.007889619491394,52.73238035375925
2017-05-27,63.00380392493824,52.85704595754451
2017-05-28,62.98362703064138,52.93137538153114
2017-05-29,62.96830901252195,52.9863148529076
2017-05-30,62.960832851208096,53.047679334308775
2017-05-31,62.9598124417472,53.11237113829919
2017-06-01,62.958853806705775,53.14607080645893
2017-06-02,62.965548252793255,53.16794309130261
2017-06-03,62.995605149747476,53.16409740065879
2017-06-04,63.02274582677034,53.17912411736383
2017-06-05,63.038900806094446,53.20116884941316
2017-06-06,63.01585879242179,53.27616829037007
2017-06-07,62.96966482301571,53.3848886849049
2017-06-08,62.940798966392606,53.52882084481363
2017-06-09,62.9224874938233,53.704171439546826
2017-06-10,62.828810826002936,53.891981079652425
2017-06-11,62.75078707940898,54.02377742105566
2017-06-12,62.7363165302582,54.11870351264545
2017-06-13,62.74438097367758,54.20480991092975
2017-06-14,62.7854422480053,54.28553444194189
2017-06-15,62.80968188813746,54.375214976946815
2017-06-16,62.86181220843292,54.4515763140456
2017-06-17,62.871708620734445,54.503292930290144
2017-06-18,62.82142922713393,54.53714469190732
2017-06-19,62.89229264123337,54.577739078452126
2017-06-20,62.92276824484629,54.66305969113625
2017-06-21,62.92778499005904,54.73379816015596
2017-06-22,62.93856024064301,54.783436301955135
2017-06-23,62.974869313991796,54.8152246367956
2017-06-24,63.000753990064425,54.82556446176117
2017-06-25,63.02416503243443,54.83085045089379
2017-06-26,63.011661649996505,54.75922418203824
2017-06-27,62.99074453942066,54.67752478649855
2017-06-28,62.984710963606936,54.566899948920685
2017-06-29,62.97790827362533,54.50863386760268
2017-06-30,62.95466611322415,54.434775212893456
2017-07-01,62.944925520207796,54.377158689319565
2017-07-02,62.90671813695249,54.29475139063207
2017-07-03,62.88805249727526,54.26717852677761
2017-07-04,62.85690715463249,54.246077230392864
2017-07-05,62.84410474237396,54.242448456444215
2017-07-06,62.92165423312559,54.170239306516855
2017-07-07,62.906119596246484,54.043855658011246
2017-07-08,62.85352952869191,53.89275681808794
2017-07-09,62.804065498135756,53.72451148640872
2017-07-10,62.767423449055805,53.552707419279386
2017-07-11,62.71294661104345,53.41278885830671
2017-07-12,62.678062108575254,53.30991103640642
2017-07-13,62.598224868443886,53.207821033964656
2017-07-14,62.52362310913896,53.10060884143029
2017-07-15,62.46065933718834,52.96178155168317
2017-07-16,62.45679844052352,52.87397155647836
2017-07-17,62.430380299900214,52.82931121521271
2017-07-18,62.415278770322004,52.80055116063821
2017-07-19,62.39147445848898,52.73281728549135
2017-07-20,62.38390644532796,52.61392380125425
2017-07-21,62.37119469079996,52.521939300766704
2017-07-22,62.32478921984799,52.43396168517671
2017-07-23,62.284301897456864,52.34583608053236
2017-07-24,62.264383533887056,52.26130964108593
2017-07-25,62.24032003163115,52.16176837578878
2017-07-26,62.22426880571328,52.196017494032965
2017-07-27,62.21465387777543,52.25921485918682
2017-07-28,62.201086356152686,52.36176677692576
2017-07-29,62.13264120607337,52.32947241832751
2017-07-30,62.05971462158324,52.25993979065182
2017-07-31,62.08033404168784,52.17760952346987
2017-08-01,62.092186136047474,52.14682522004488
2017-08-02,62.08567321165389,52.111726447994506
2017-08-03,62.089738840440816,52.07583831500102
2017-08-04,62.08416419261663,51.99530854847777
2017-08-05,62.08761686531968,51.93603813848557
2017-08-06,62.09434308231789,51.89549047545332
2017-08-07,62.10687776295027,51.85400840146906
2017-08-08,62.09391723564926,51.81760682326021
2017-08-09,62.061498013720374,51.74847353824243
2017-08-10,62.02797846598363,51.67630278602457
2017-08-11,62.00179358405153,51.60663077947367
2017-08-12,61.95485642712441,51.59567053288364
2017-08-13,61.96880806225625,51.5790424659604
2017-08-14,61.95580463042193,51.565943518653896
2017-08-15,61.95840048224046,51.46043546440987
2017-08-16,61.96069454030056,51.34432274139309
2017-08-17,61.96105790301226,51.220508304219294
2017-08-18,61.97251264147549,51.15452712369537
2017-08-19,61.98089710690908,51.12062861096535
2017-08-20,62.0254730280172,51.073145795442976
2017-08-21,62.06135274981188,51.04470448830582
2017-08-22,62.151675429589574,51.022679334655066
2017-08-23,62.18649832683169,51.02085088916108
2017-08-24,62.26984328249066,51.02351821445107
2017-08-25,62.30440069950868,50.932770417016926
2017-08-26,62.338196533394985,50.82166579561473
2017-08-27,62.35901640041524,50.67174089263937
2017-08-28,62.39303845648894,50.64002434367456
2017-08-29,62.42781630550478,50.67302510429091
2017-08-30,62.452729731671496,50.73818528695568
2017-08-31,62.49071500605142,50.76905819368416
2017-09-01,62.518539829965086,50.7621739477211
2017-09-02,62.54814989709337,50.74024961416511
2017-09-03,62.58399455434627,50.750666023237656
2017-09-04,62.61061618012733,50.768278141071406
2017-09-05,62.64729096364252,50.82537901956644
2017-09-06,62.65639950050706,50.88688174128178
2017-09-07,62.66024182273795,50.96175291506317
2017-09-08,62.667432156608115,51.06177439286671
2017-09-09,62.66484834875056,51.18114005405506
2017-09-10,62.738567647886825,51.28718843838119
2017-09-11,62.76296460078171,51.3387040743086
2017-09-12,62.80913377240772,51.38640156695154
2017-09-13,62.82974243255374,51.446161905878725
2017-09-14,62.831116560771555,51.59000456192003
2017-09-15,62.79239933848984,51.74108591062382
2017-09-16,62.741086374304224,51.89806054228154
2017-09-17,62.675241802764326,52.00075555370552
2017-09-18,62.622285022788034,52.09156612521262
2017-09-19,62.61422243525695,52.16393203997794
2017-09-20,62.61002185492477,52.261481769421
2017-09-21,62.60670562364198,52.35020489970483
2017-09-22,62.59143607748118,52.422785711546354
2017-09-23,62.575175506611295,52.45652965977013
2017-09-24,62.552960937988935,52.52608234472255
2017-09-25,62.54703330664378,52.600935095559166
2017-09-26,62.55085573513198,52.71418243167326
2017-09-27,62.5793538728488,52.74918514107139
2017-09-28,62.580032639927296,52.751786596307895
2017-09-29,62.69406826258728,52.708823730664136
2017-09-30,62.689293005016,52.669952300460565
2017-10-01,62.692837466551964,52.65608933322135
2017-10-02,62.69404278776747,52.63613440970728
2017-10-03,62.69586681439038,52.59307165288644
2017-10-04,62.65368409629166,52.54608054380157
2017-10-05,62.609537405488,52.47145396910427
2017-10-06,62.56707732895604,52.40081625643784
2017-10-07,62.52506528456457,52.32634255664463
2017-10-08,62.485972210569784,52.268272888303976
2017-10-09,62.502579808923606,52.204800024610186
2017-10-10,62.518122879175806,52.10453347046504
2017-10-11,62.528335128257076,52.00161305935977
2017-10-12,62.53433582912523,51.91232843958382
2017-10-13,62.56470194740513,51.84253013265378
2017-10-14,62.55425517844105,51.72412812296713
2017-10-15,62.54530389514556,51.569205070482
2017-10-16,62.53141523871809,51.402231796251456
2017-10-17,62.525814351530705,51.24420228084728
2017-10-18,62.52591942657585,51.11232964192711
2017-10-19,62.51047794768633,51.0256517686113
2017-10-20,62.46696804942126,50.92296739759097
2017-10-21,62.39820616435972,50.83135038573035
2017-10-22,62.334774881405544,50.73069616085253
2017-10-23,62.22201715179369,50.68944683929082
2017-10-24,62.192105337501886,50.6298716249689
2017-10-25,62.15990612366707,50.57797095185519
2017-10-26,62.117222235334225,50.53426411287068
2017-10-27,62.07718198364117,50.55965760692806
2017-10-28,62.064201999565675,50.607668635857344
2017-10-29,62.044111783572006,50.67516562079264
2017-10-30,62.031671097787545,50.74529433266648
2017-10-31,62.01087279510444,50.80878873362357
2017-11-01,61.968906511169976,50.8729061252131
2017-11-02,61.91865019642741,50.97028478562417
2017-11-03,61.90141907460693,51.07101791765948
2017-11-04,61.87505156735948,51.1809946521599
2017-11-05,61.81642305984704,51.25867142230867
2017-11-06,61.800606631951,51.283134598723
2017-11-07,61.761368841570246,51.26245008382286
2017-11-08,61.892390624034476,51.20018442992492
2017-11-09,61.87183834317406,51.19764285246571
2017-11-10,61.8825382038878,51.1959527347198
2017-11-11,61.883092417692076,51.22216923391965
2017-11-12,61.90197059119896,51.21784518552969
2017-11-13,61.91808165008174,51.23872327232184
2017-11-14,61.933885053380585,51.26390065931008
2017-11-15,61.93721989244536,51.30689561134962
2017-11-16,61.955040220481926,51.39419511631596
2017-11-17,61.97583684904988,51.45625786843134
2017-11-18,62.01248262099406,51.4555067132592
2017-11-19,62.053038857010954,51.44002799815625
2017-11-20,62.13211749941594,51.418323889385526
2017-11-21,62.14761294905121,51.45104551592036
2017-11-22,62.16319798034173,51.45092095346754
2017-11-23,62.18500561487549,51.486254445953904
2017-11-24,62.20287630435205,51.51850566358448
2017-11-25,62.232089416682335,51.52203416564178
2017-11-26,62.24475358487409,51.49469702137021
2017-11-27,62.26137987986976,51.44044632708916
2017-11-28,62.26436702595787,51.38280678139238
2017-11-29,62.25752683445971,51.314393400342645
2017-11-30,62.24276442977172,51.246654652212925
2017-12-01,62.176566837202564,51.19841346519401
2017-12-02,62.14436758031374,51.14764597884698
2017-12-03,62.120442362986786,51.09852599979946
2017-12-04,62.105315045486904,51.02783423688448
2017-12-05,62.0835613308795,50.96020440841882
2017-12-06,62.065489684818964,50.9842887076546
2017-12-07,62.05381166373776,51.06322111519211
2017-12-08,62.04310975593111,51.18370471175431
2017-12-09,62.03061386693145,51.23132502407145
2017-12-10,62.04651890345082,51.28608106877844
2017-12-11,62.03306236346692,51.30019944572636
2017-12-12,62.01435167050993,51.35476558948967
2017-12-13,62.04212830631893,51.416580829652574
2017-12-14,61.995220334926,51.50919197711824
2017-12-15,61.965105800015046,51.56430503157946
2017-12-16,61.923894753380644,51.583358636399744
2017-12-17,61.889456450126055,51.614429581339685
2017-12-18,61.85897479455511,51.71244232283375
2017-12-19,61.83315381992602,51.78781168587197
2017-12-20,61.80305870397461,51.83028756252858
2017-12-21,61.792429652175095,51.818698722835606
2017-12-22,61.80579376986197,51.83312853885276
2017-12-23,61.82666900504853,51.83612439160422
2017-12-24,61.829722506078205,51.82481188827271
2017-12-25,61.94305311716105,51.832660026035406
2017-12-26,61.97950997007687,51.83667868773679
2017-12-27,62.03540009046269,51.84169423872484
2017-12-28,62.05962516652531,51.83656668862845
2017-12-29,62.08414719237703,51.8659691127594
2017-12-30,62.12110472536463,51.88668136531498
2017-12-31,62.123797096072764,51.87323018748711
2018-01-01,62.22253919848184,51.789949450489466
2018-01-02,62.23624840713932,51.68732417112508
2018-01-03,62.232758680469345,51.593015355248525
2018-01-04,62.31659184058702,51.56828469050065
2018-01-05,62.384538917871545,51.48892084593697
2018-01-06,62.344914774251585,51.364025650011456
2018-01-07,62.43532659721251,51.20659544027447
2018-01-08,62.49526172403939,51.13463815374609
2018-01-09,62.53732654980391,51.08689132826549
2018-01-10,62.67202496877374,51.03684480509565
2018-01-11,62.74707285617706,50.912378136746575
2018-01-12,62.77804147953538,50.7577611493954
2018-01-13,62.799407531926725,50.58687726045864
2018-01-14,62.81477404379497,50.46426997540357
2018-01-15,62.860173240471376,50.33296751080756
2018-01-16,62.87281786261622,50.2135569839934
2018-01-17,62.89212158078082,50.05438593463707
2018-01-18,62.891118693550276,49.95991994776143
2018-01-19,62.78609566741191,49.90624893997897
2018-01-20,62.7655049142313,49.87525763316828
2018-01-21,62.74985736063543,49.80911709219218
2018-01-22,62.758547781169625,49.70632082106879
2018-01-23,62.81964845911321,49.62299776031003
2018-01-24,62.81809026723474,49.55240972168155
2018-01-25,62.81102306566551,49.49945146834454
2018-01-26,62.750398452005896,49.465451629583605
2018-01-27,62.7397653934286,49.4424206690538
2018-01-28,62.703094603804765,49.401561048777936
2018-01-29,62.69351502911581,49.384640547267466
2018-01-30,62.6645498936821,49.39658797495622
2018-01-31,62.61466390469655,49.472597158001
2018-02-01,62.59740623032788,49.55419082143128
2018-02-02,62.60828844638606,49.67503183738329
2018-02-03,62.52622821160133,49.71250408646628
2018-02-04,62.48334603822071,49.75032347118413
2018-02-05,62.49507493353933,49.77463206780176
2018-02-06,62.55426842982035,49.83304085740517
2018-02-07,62.57926379307175,49.8269227611414
2018-02-08,62.59716249807588,49.78578048171941
2018-02-09,62.64606551257324,49.74206629288364
2018-02-10,62.65807645935151,49.74823838621338
2018-02-11,62.72399496473754,49.77052514306477
2018-02-12,62.769067614407554,49.81446224683094
2018-02-13,62.80875742583281,49.83779035819194
2018-02-14,62.85135547419237,49.88169295323811
2018-02-15,62.872600574839836,49.89150367268245
2018-02-16,62.86722042513972,49.94647642859806
2018-02-17,62.834137061806395,49.969369308306256
2018-02-18,62.88300851179179,50.01920679074532
2018-02-19,62.92123358833178,50.02945966799946
2018-02-20,62.966836808106095,50.060714982354526
2018-02-21,63.03524522816966,50.128118246203016
2018-02-22,63.086774080529956,50.20492859497968
2018-02-23,63.201957388814556,50.25486100933277
2018-02-24,63.23014089048376,50.29265999868706
2018-02-25,63.27089142342067,50.33241378378876
2018-02-26,63.31163956956987,50.393181448738346
2018-02-27,63.342793050802236,50.40750075002644
2018-02-28,63.36924859683425,50.38602550537679
2018-03-01,63.40242577769121,50.340671535223606
2018-03-02,63.46769025457232,50.28697341950492
2018-03-03,63.518661928749495,50.24693764225727
2018-03-04,63.54822188665382,50.14892714669236
2018-03-05,63.607071462674654,50.13545874793989
2018-03-06,63.620105482240255,50.11671956268629
2018-03-07,63.59838584284776,50.154644841081655
2018-03-08,63.61819603376906,50.159532735157576
2018-03-09,63.58788338338243,50.21457204035386
2018-03-10,63.59082836347128,50.274541793541744
2018-03-11,63.62730489028832,50.34846347373291
2018-03-12,63.63151676339225,50.4081202668946
2018-03-13,63.66672522538334,50.48282703537125
2018-03-14,63.706206525688934,50.55087466347717
2018-03-15,63.7490790113981,50.64796095249731
2018-03-16,63.761837050395336,50.76559541856266
2018-03-17,63.77172720277259,50.91088985691464
2018-03-18,63.778567002321374,50.99684525682663
2018-03-19,63.82586466773354,51.03788524901182
2018-03-20,63.824609896969854,51.05415496348532
2018-03-21,63.76828667531659,51.12286952303834
2018-03-22,63.71854740904805,51.19247446327821
2018-03-23,63.73946072359714,51.20912624033304
2018-03-24,63.74846628713263,51.21142571939581
2018-03-25,63.752083857651265,51.23651155024316
2018-03-26,63.74888541546426,51.27433727325318
2018-03-27,63.746632628805436,51.29717488482096
2018-03-28,63.71840205653084,51.30799642370445
2018-03-29,63.702695830782154,51.393420345382566
2018-03-30,63.658302749817636,51.51018729959115
2018-03-31,63.63535414495036,51.65063332895234
2018-04-01,63.6905082922464,51.77117428039347
2018-04-02,63.71066827735605,51.88887004616912
2018-04-03,63.719148968584705,52.0340229118554
2018-04-04,63.73336747321844,52.1119961899294
2018-04-05,63.73005109479345,52.18817805921339
2018-04-06,63.79468249255402,52.22105122734628
2018-04-07,63.77183749129884,52.26641267267848
2018-04-08,63.75152694860616,52.26496383244303
2018-04-09,63.72574250823721,52.28482788797555
2018-04-10,63.69658526903524,52.3283709155014
2018-04-11,63.67134901325303,52.40211653460598
2018-04-12,63.654720244646434,52.44025675454274
2018-04-13,63.62909139983214,52.44807345154137
2018-04-14,63.56117557338151,52.41341152401772
2018-04-15,63.530798116840344,52.35961613100688
2018-04-16,63.51125031864373,52.2888370318981
2018-04-17,63.49711467864731,52.25001745076746
2018-04-18,63.48558683940966,52.27562177819386
2018-04-19,63.501900135797065,52.30013063090014
2018-04-20,63.4820238134618,52.3024605141818
2018-04-21,63.47359963986364,52.30223352084575
2018-04-22,63.49208181771549,52.36388973469435
2018-04-23,63.57004796400589,52.417287983802325
2018-04-24,63.565422662829256,52.408320459190094
2018-04-25,63.60752242223862,52.3793178236075
2018-04-26,63.61491344583179,52.37290781581671
2018-04-27,63.5522134722958,52.38841613519004
2018-04-28,63.5525509182213,52.37557822560844
2018-04-29,63.634223575260215,52.33702838669314
2018-04-30,63.64453724031954,52.30921335569885
2018-05-01,63.662188675085545,52.3006834623508
2018-05-02,63.63281142584317,52.2891325608156
2018-05-03,63.645689266316076,52.24460072280093
2018-05-04,63.67689872601931,52.2022715009605
2018-05-05,63.70775802774341,52.18403675251594
2018-05-06,63.74203401428238,52.18271529094851
2018-05-07,63.78175777391088,52.20402983187744
2018-05-08,63.81182235803189,52.26681255672814
2018-05-09,63.88598401780446,52.31084633302597
2018-05-10,63.932671865617905,52.312491516453065
2018-05-11,63.973567718246024,52.27109580352116
2018-05-12,64.00288327914856,52.279472312320735
2018-05-13,64.03093702637713,52.30612444787019
2018-05-14,64.06879910070273,52.36961144381834
2018-05-15,64.0902463999133,52.41709930590192
2018-05-16,64.09288716329493,52.501630217161
2018-05-17,64.11935267249332,52.577578426154005
2018-05-18,64.14858062093603,52.63906088536326
2018-05-19,64.16048447706106,52.688411439818296
2018-05-20,64.11629172534956,52.74618324520342
2018-05-21,64.1326517441432,52.805205284704726
2018-05-22,64.11820967442515,52.83250973606946
2018-05-23,64.12267326187865,52.860984646777965
2018-05-24,64.162625941079,52.958561542162784
2018-05-25,64.1842531105577,53.07966318211078
2018-05-26,64.17861631148718,53.17842260079143
2018-05-27,64.18584091135281,53.22283556385066
2018-05-28,64.19914083151895,53.26243738538707
2018-05-29,64.19534062217048,53.33424866040475
2018-05-30,64.18116851667423,53.3760967885955
2018-05-31,64.3194911321252,53.39984802271966
2018-06-01,64.31785467325739,53.39097956866339
2018-06-02,64.30204219338088,53.434049773030914
2018-06-03,64.2907567972377,53.51559783615729
2018-06-04,64.27332950870023,53.607776976926864
2018-06-05,64.22781038600895,53.72084216548981
2018-06-06,64.18806560752148,53.80546160548824
2018-06-07,64.2140019663501,53.87365122366221
2018-06-08,64.23975070106732,53.94079556356299
2018-06-09,64.21469038594256,54.039915708150254
2018-06-10,64.17866398790756,54.14791807816143
2018-06-11,64.1777209042196,54.23358580894604
2018-06-12,64.13825956772673,54.31435728910363
2018-06-13,64.09847369426075,54.36592598091322
2018-06-14,64.06131769067663,54.40274404102773
2018-06-15,64.01468929130465,54.387917880886384
2018-06-16,63.964801119454094,54.3813428622118
2018-06-17,63.905476889770604,54.35750398483391
2018-06-18,63.834076432579,54.32778066717784
2018-06-19,63.756535285066796,54.26513721213078
2018-06-20,63.66061955482138,54.19255739136371
2018-06-21,63.60315896107168,54.14906694293352
2018-06-22,63.4960924002047,54.15030909091809
2018-06-23,63.40228064141089,54.131172605171365
2018-06-24,63.33630929354348,54.07870674968311
2018-06-25,63.14996267876351,54.0348529083555
2018-06-26,63.03307604108496,54.017710580490544
2018-06-27,62.96403268448864,53.98738808899689
2018-06-28,62.89313382277858,53.89186424004188
2018-06-29,62.83163603549193,53.80158811243369
2018-06-30,62.77352702334841,53.73171268524812
2018-07-01,62.7194295562384,53.723741200339965
2018-07-02,62.62090743412733,53.69044765905768
2018-07-03,62.575917676696555,53.64239037659306
2018-07-04,62.56546075695892,53.55915509744385
2018-07-05,62.50922045633744,53.462457055464895
2018-07-06,62.562140953223036,53.37776789823605
2018-07-07,62.54683047047259,53.29091583322752
2018-07-08,62.52921098694837,53.217896854167655
2018-07-09,62.518211183846255,53.14414411061853
2018-07-10,62.52992839686921,53.095810774244576
2018-07-11,62.52267395666279,53.02552695608416
2018-07-12,62.539043300828055,52.962562155758285
2018-07-13,62.541804117592136,52.897516412397565
2018-07-14,62.5515162997461,52.86095302701035
2018-07-15,62.51430397331357,52.84560850863095
2018-07-16,62.521688088154555,52.81004883119039
2018-07-17,62.54458456237297,52.76782349768232
2018-07-18,62.55692299372498,52.73136250779282
2018-07-19,62.580534641979945,52.73495208809416
2018-07-20,62.597116193095054,52.7647976417552
2018-07-21,62.6150957016849,52.768093303773576
2018-07-22,62.639108485486766,52.71583755791833
2018-07-23,62.66950968671073,52.65773583533953
2018-07-24,62.699372672941976,52.61212587633175
2018-07-25,62.70277145565543,52.5474372968725
2018-07-26,62.70173631442337,52.47277469534708
2018-07-27,62.70513453664958,52.40767252155399
2018-07-28,62.69492366411318,52.423870498325904
2018-07-29,62.68078221721974,52.45465703070689
2018-07-30,62.621949463467715,52.490826895254905
2018-07-31,62.59042405052836,52.471870512197846
2018-08-01,62.58842867543074,52.45836093449596
2018-08-02,62.59040299541371,52.4117314520112
2018-08-03,62.57557228391823,52.387509297328975
2018-08-04,62.57050893369442,52.340120032724606
2018-08-05,62.58762168361388,52.300275313177366
2018-08-06,62.58507989155058,52.26959196688819
2018-08-07,62.58613009360598,52.21563585173606
2018-08-08,62.59199768035611,52.13418174244965
2018-08-09,62.59414138274575,52.00689312368709
2018-08-10,62.59226009783665,51.904758169079294
2018-08-11,62.593240427420774,51.80639370223874
2018-08-12,62.606760589201805,51.730544668287365
2018-08-13,62.61556687310666,51.650930355273246
2018-08-14,62.629331476461154,51.5659444950729
2018-08-15,62.63901057804243,51.49182986278319
2018-08-16,62.644471000071725,51.461056239641
2018-08-17,62.65280160446948,51.46178155421469
2018-08-18,62.65831562917636,51.4536573002856
2018-08-19,62.67374612740741,51.39581926462574
2018-08-20,62.680225055390615,51.319681546353166
2018-08-21,62.675442170854,51.25830496879082
2018-08-22,62.66505128561412,51.19545384437245
2018-08-23,62.65286709221538,51.1663599932286
2018-08-24,62.63526332283403,51.1669165199384
2018-08-25,62.61509605392775,51.2068807758979
2018-08-26,62.590750559743036,51.25402662348508
2018-08-27,62.57957649314191,51.25543626734249
2018-08-28,62.562675309901806,51.22690758453148
2018-08-29,62.564436226079124,51.18581000606935
2018-08-30,62.536307628050004,51.18956808470888
2018-08-31,62.50283302583325,51.19874759561034
2018-09-01,62.46445566389161,51.22741699026893
2018-09-02,62.42990846991384,51.24587167904702
2018-09-03,62.40305904221101,51.293797228941706
2018-09-04,62.383254086392235,51.32518516157886
2018-09-05,62.33247516283086,51.31080237372768
2018-09-06,62.27986123871728,51.31632193769415
2018-09-07,62.226433776137064,51.353075171103576
2018-09-08,62.17463708443639,51.46883860389976
2018-09-09,62.11891438274736,51.57440763133553
2018-09-10,62.09772300849501,51.67189803961915
2018-09-11,62.062125485511736,51.74044655205774
2018-09-12,62.01519012504613,51.798127225535495
2018-09-13,61.98330284117489,51.869663799309976
2018-09-14,61.95993030083401,51.94131841440804
2018-09-15,61.93580081943465,51.95766966707056
2018-09-16,61.91903317470214,51.91707174278411
2018-09-17,61.903821905079894,51.84967349249981
2018-09-18,61.8896536516515,51.82901543964997
2018-09-19,61.86284578149497,51.848614784175474
2018-09-20,61.841650286736574,51.89235780798632
2018-09-21,61.804747482001616,51.96355308426942
2018-09-22,61.78469636304903,51.9981536702579
2018-09-23,61.77113995081681,52.01134522338453
2018-09-24,61.75845823532411,51.94605295666507
2018-09-25,61.74240134846616,51.873924512639206
2018-09-26,61.716305669686086,51.801772413236215
2018-09-27,61.68145210514508,51.76801627647119
2018-09-28,61.66025159080044,51.72191436511334
2018-09-29,61.64481653467423,51.64234689249351
2018-09-30,61.62973627721675,51.55539541297257
2018-10-01,61.63779300216772,51.49398917481291
2018-10-02,61.71060104306857,51.43589340675786
2018-10-03,61.66791951898211,51.36043751160896
2018-10-04,61.64275520558952,51.28980341534968
2018-10-05,61.627313203665835,51.266126409595394
2018-10-06,61.61319026042341,51.24185764653034
2018-10-07,61.6099983445901,51.19642504282972
2018-10-08,61.61568539219204,51.08139396339621
2018-10-09,61.7001038487816,50.9612283085456
2018-10-10,61.698628491227566,50.84718353427903
2018-10-11,61.69800103493078,50.77701223721554
2018-10-12,61.69434878352881,50.722026066517245
2018-10-13,61.68625895870562,50.65855716476173
2018-10-14,61.69779594982384,50.6003830948501
2018-10-15,61.74998300991118,50.59011014745995
2018-10-16,61.81465047305429,50.62397048551493
2018-10-17,61.84178621434936,50.694254189175815
2018-10-18,61.85969615879806,50.74839427357276
2018-10-19,61.878804748119315,50.793382491636095
2018-10-20,61.92660873643639,50.815048244840185
2018-10-21,61.97394538367578,50.80314199086754
2018-10-22,62.00148510978893,50.80181699495444
2018-10-23,62.02913298116502,50.81207060483042
2018-10-24,62.0398141733633,50.900075732407466
2018-10-25,61.99094652910617,50.987787436854525
2018-10-26,61.9987878095187,51.0883354508303
2018-10-27,62.02692007552125,51.15661621768253
2018-10-28,62.05556968467793,51.22200157539808
2018-10-29,62.084531975403394,51.3060648377264
2018-10-30,62.10754239128589,51.38520213580174
2018-10-31,62.12001910791949,51.46550190153991
2018-11-01,62.08040478529597,51.53703822372634
2018-11-02,62.063432243475326,51.60150364840421
2018-11-03,62.07477796110798,51.6673170910364
2018-11-04,62.08888486650246,51.72256006225545
2018-11-05,62.10325411999377,51.783589229923535
2018-11-06,62.102897083141094,51.85281240913238
2018-11-07,62.10390662256405,51.94605671129898
2018-11-08,62.060038213988356,52.043130652115536
2018-11-09,62.03939064094294,52.132042230765656
2018-11-10,62.0391634720997,52.1789014403828
2018-11-11,62.04108138126363,52.21015125537368
2018-11-12,62.03315836927427,52.23622321918973
2018-11-13,62.01550206426973,52.26533027808281
2018-11-14,62.00326317964647,52.27983079144914
2018-11-15,61.99589435418795,52.277979911453855
2018-11-16,61.99022763655966,52.25514444925482
2018-11-17,62.017994939087444,52.235456245658185
2018-11-18,62.00910929441585,52.21250949799797
2018-11-19,62.04680504108297,52.192042588231935
2018-11-20,62.04089430423974,52.19180096426886
2018-11-21,62.03353638569706,52.18734609740262
2018-11-22,62.027365094920285,52.17400555594232
2018-11-23,62.025149495810915,52.132325122812254
2018-11-24,62.03215752145305,52.10107973102464
2018-11-25,62.04038037095394,52.08443140424104
2018-11-26,62.09555985454079,52.092558400799895
2018-11-27,62.113521749542144,52.15221382286537
2018-11-28,62.1246976956325,52.212558647167256
2018-11-29,62.164635163012356,52.27615274852646
2018-11-30,62.18976656799499,52.297392683022366
2018-12-01,62.204998169308034,52.3259696039311
2018-12-02,62.250584020878286,52.370945455121365
2018-12-03,62.284005887078564,52.42305486086687
2018-12-04,62.30702043409247,52.50031587209693
2018-12-05,62.32081150573648,52.57023458718543
2018-12-06,62.3178430972654,52.63805499956736
2018-12-07,62.31167317653827,52.68354217756299
2018-12-08,62.32004681264555,52.73724473313498
2018-12-09,62.33666245876356,52.79131202396023
2018-12-10,62.39942943681468,52.85802731728237
2018-12-11,62.390220905872184,52.93127686275594
2018-12-12,62.404513847996334,53.009649736748784
2018-12-13,62.383670315452584,53.08153070171287
2018-12-14,62.40439772678038,53.13792268617768
2018-12-15,62.47353159930683,53.20100206818503
2018-12-16,62.48948418510272,53.278495914213
2018-12-17,62.53149347983156,53.3642117221381
2018-12-18,62.56110817607117,53.451235861771096
2018-12-19,62.58368072181274,53.53279162945938
2018-12-20,62.571600907108134,53.59741314678653
2018-12-21,62.594232900028814,53.67081586668117
2018-12-22,62.60477168502362,53.75680773629146
2018-12-23,62.59614366318224,53.82894004124295
2018-12-24,62.601552115195176,53.886188764137685
2018-12-25,62.603866436327166,53.91006954161642
2018-12-26,62.586315151173515,53.93787277737925
2018-12-27,62.62742469514734,53.90854428775911
2018-12-28,62.69160615934911,53.882553818987255
2018-12-29,62.70384128945774,53.86131141122412
2018-12-30,62.74049928661607,53.87808853411458
2018-12-31,62.80395379990297,53.89809235984651
2019-01-01,62.91454353752695,53.91402705007702
2019-01-02,62.970378223452116,53.92710789675339
2019-01-03,63.02405594127491,53.91747769793153
2019-01-04,63.03183539802949,53.90462231629311
2019-01-05,63.09483066029474,53.87807719095058
2019-01-06,63.195223317552454,53.86578834987121
2019-01-07,63.23727400990542,53.84493497534472
2019-01-08,63.27665982917899,53.84041457125701
2019-01-09,63.33963532777218,53.84610974412893
2019-01-10,63.35112336385094,53.85906129862144
2019-01-11,63.39299575183847,53.87570417121382
2019-01-12,63.41217874275032,53.895495614809725
2019-01-13,63.43738730732678,53.94228965729085
2019-01-14,63.4665477215016,53.98191652641336
2019-01-15,63.519442862769566,54.00754644585504
2019-01-16,63.54862826819893,54.00476021030989
2019-01-17,63.576516755252364,54.00245378662852
2019-01-18,63.60446614577289,54.0066893397413
2019-01-19,63.61783481580318,54.02380803703196
2019-01-20,63.63601952204171,54.029024436311246
2019-01-21,63.66990228354179,54.04765946616522
2019-01-22,63.693879159745826,54.11376053466238
2019-01-23,63.65885013558631,54.21439985696693
2019-01-24,63.66728935060276,54.33069544759978
2019-01-25,63.66790117259705,54.40002587603952
2019-01-26,63.68284579276191,54.481924694669246
2019-01-27,63.63380548829833,54.5380878801039
2019-01-28,63.61798300576357,54.59128031979228
2019-01-29,63.61509588960168,54.620951691023166
2019-01-30,63.6051038818592,54.64723410977479
2019-01-31,63.62954575398956,54.67720318019529
2019-02-01,63.63673432246427,54.70529723215689
2019-02-02,63.67365301877653,54.723548970639655
2019-02-03,63.72019010366902,54.75193676279569
2019-02-04,63.734960525437835,54.816832824154616
2019-02-05,63.77677006827407,54.89845325275121
2019-02-06,63.823577822185314,54.96469854888934
2019-02-07,63.82806171048956,55.00067647878693
2019-02-08,63.864604405353454,55.03640404846296
2019-02-09,63.90163570182212,55.088285413783815
2019-02-10,63.938429968200715,55.1368835673086
2019-02-11,64.00272954856877,55.16772614205089
2019-02-12,64.04543788695759,55.15614571539189
2019-02-13,64.08560662462529,55.17471753410605
2019-02-14,64.12407063760828,55.236250956800326
2019-02-15,64.17886058842181,55.34493759788635
2019-02-16,64.2346834659233,55.43786733020294
2019-02-17,64.30300813547757,55.53241207662053
2019-02-18,64.36570970724037,55.62134352706406
2019-02-19,64.41449998072733,55.73559025823969
2019-02-20,64.47534225054353,55.7991742496889
2019-02-21,64.52985418671366,55.80491455335157
2019-02-22,64.58982882034172,55.7567976597261
2019-02-23,64.65024949976043,55.73224245451623
2019-02-24,64.70671046745474,55.79570775900164
2019-02-25,64.79967281060007,55.91022123088194
2019-02-26,64.84672111793071,56.03804374976404
2019-02-27,64.88903908080454,56.162908977052425
2019-02-28,65.01346486823795,56.307856993374784
2019-03-01,65.0656153327005,56.48233299655539
2019-03-02,65.06307450134523,56.65664735406738
2019-03-03,65.09626252369418,56.8103022391624
2019-03-04,65.1064825340716,56.94956805250164
2019-03-05,65.11191107607179,57.063959848829775
2019-03-06,65.10478190047516,57.15317256436746
2019-03-07,65.10283927072508,57.22712226240999
2019-03-08,65.13888715794415,57.31888975395628
2019-03-09,65.15762136239272,57.375279149565145
2019-03-10,65.17707880740166,57.43786591599197
2019-03-11,65.19031575273472,57.46566453273922
2019-03-12,65.16571549561313,57.48851477119207
2019-03-13,65.14830200738798,57.51512576243432
2019-03-14,65.1573613847201,57.5657465711843
2019-03-15,65.16622175181296,57.56092372593234
2019-03-16,65.17153805693778,57.49491761250309
2019-03-17,65.17876458639688,57.38369277184746
2019-03-18,65.16282482060413,57.292774179235074
2019-03-19,65.14560524801149,57.2002256780177
2019-03-20,65.13237634337696,57.11445907856439
2019-03-21,65.12273290902759,57.00148238360335
2019-03-22,65.11962293249938,56.94129079197872
2019-03-23,65.11894795320615,56.92076242826345
2019-03-24,65.09397198985684,56.96323515845887
2019-03-25,65.08484355061728,56.98417928874942
2019-03-26,65.03270750465222,56.94561151323835
2019-03-27,65.0290301801559,56.8365317104882
2019-03-28,65.03408828898114,56.71851194200228
2019-03-29,64.92022385079866,56.61520724726166
2019-03-30,64.86960475396849,56.50596669740699
2019-03-31,64.84791870960105,56.36618457087953
2019-04-01,64.8151177056282,56.22093078239796
2019-04-02,64.79841806629693,56.11958245081942
2019-04-03,64.77865939702448,56.04833855829595
2019-04-04,64.75351152422479,55.98605275386545
2019-04-05,64.72657854052214,55.90075282294679
2019-04-06,64.68864488511647,55.829432868843135
2019-04-07,64.65784645897638,55.76024284021121
2019-04-08,64.62655861124921,55.74489369101009
2019-04-09,64.60110907864114,55.69819769130567
2019-04-10,64.5848721538996,55.67782811819487
2019-04-11,64.56038444595231,55.65740240407436
2019-04-12,64.55966274392598,55.6374612165756
2019-04-13,64.54232432402713,55.575015899603386
2019-04-14,64.51804080940742,55.53092680379432
2019-04-15,64.51215457987473,55.48705188044831
2019-04-16,64.48360432390002,55.46842188582422
2019-04-17,64.46165289019504,55.43860926734599
2019-04-18,64.44145238261069,55.43547230804055
2019-04-19,64.42053054079645,55.43848153202924
2019-04-20,64.40781840049331,55.46206316465339
2019-04-21,64.40542917050186,55.43947711199864
2019-04-22,64.44237653465969,55.3901995447164
2019-04-23,64.43249731147576,55.28104307011743
2019-04-24,64.41377843639145,55.170729329224606
2019-04-25,64.4044254479253,55.05365565235925
2019-04-26,64.42426720398302,54.976759816082414
2019-04-27,64.44224475368688,54.92920425144738
2019-04-28,64.44665923519686,54.85583708426157
2019-04-29,64.4869160163756,54.76295458737884
2019-04-30,64.49115100413495,54.651435917907314
2019-05-01,64.50359423872479,54.52737531034742
2019-05-02,64.52360394013078,54.36998736148103
2019-05-03,64.5318329344596,54.20786027072029
2019-05-04,64.55086961584566,54.08238015534612
2019-05-05,64.55883955910764,54.0155577355989
2019-05-06,64.56669076787321,53.92389924348298
2019-05-07,64.56702248298564,53.82464273387264
2019-05-08,64.58681964093215,53.718339639007816
2019-05-09,64.59310173450497,53.64614365831778
2019-05-10,64.61207000777179,53.5625128405438
2019-05-11,64.61151332049599,53.47822372703288
2019-05-12,64.61062911859705,53.40920727136592
2019-05-13,64.60256691117473,53.41840602985111
2019-05-14,64.59743010849482,53.45827484364746
2019-05-15,64.598488423457,53.54850684715454
2019-05-16,64.59800743793409,53.629926143366575
2019-05-17,64.59515577353622,53.70647313655424
2019-05-18,64.58910916585248,53.72906441014922
2019-05-19,64.60076151727878,53.69941725248948
2019-05-20,64.54994744559934,53.641093411837815
2019-05-21,64.53567796335736,53.60368516659511
2019-05-22,64.5406926755393,53.59547911322071
2019-05-23,64.5245650131962,53.622154800053714
2019-05-24,64.48388915371368,53.64996531011795
2019-05-25,64.45074528993925,53.68705741057745
2019-05-26,64.41763118221238,53.714372760126544
2019-05-27,64.37311242861674,53.73067291644959
2019-05-28,64.37126096603015,53.75351445023158
2019-05-29,64.3441823879424,53.79312355501004
2019-05-30,64.32169174116655,53.85424456836554
2019-05-31,64.30612368775375,53.95580510310542
2019-06-01,64.28961378163129,54.0598062737738
2019-06-02,64.27585275370166,54.167153309322735
2019-06-03,64.26340171238942,54.2168182887479
2019-06-04,64.23730282200567,54.22109382534079
2019-06-05,64.21446824651136,54.25143502171203
2019-06-06,64.17972039361054,54.31800666403442
2019-06-07,64.15729031441748,54.41414195121133
2019-06-08,64.14169188264776,54.4660739710906
2019-06-09,64.13369723301031,54.47928952460106
2019-06-10,64.13253624076842,54.48719800629311
2019-06-11,64.12749728514109,54.49661281436485
2019-06-12,64.16325853431269,54.464576104898434
2019-06-13,64.16000356651546,54.38994823619247
2019-06-14,64.14859519458585,54.27952557268302
2019-06-15,64.10881873226135,54.172558110157965
2019-06-16,64.0982852643395,54.09449629013842
2019-06-17,64.09711112036118,54.04986030674675
2019-06-18,64.07639464074704,54.05816187827486
2019-06-19,64.06811688563081,54.06515204685262
2019-06-20,64.0666719188294,54.06406221238282
2019-06-21,64.05825313051389,54.0268029817296
2019-06-22,64.05032266084643,53.979469715946685
2019-06-23,64.06639897067234,53.923834448758456
2019-06-24,64.06181027975708,53.88833958490158
2019-06-25,64.0632266879802,53.84456648520129
2019-06-26,64.06325412740412,53.80539132297976
2019-06-27,64.06280421573659,53.78697601851777
2019-06-28,64.09458329357547,53.78655404536865
2019-06-29,64.10827288259242,53.790252100723286
2019-06-30,64.12420245630759,53.75123338216122
2019-07-01,64.13211015718508,53.70146145670002
2019-07-02,64.1325351981038,53.6252821206192
2019-07-03,64.13257056222456,53.58061101232536
2019-07-04,64.13231043844897,53.57002356674074
2019-07-05,64.14039946388425,53.5682177054512
2019-07-06,64.14235040350246,53.53126732048655
2019-07-07,64.1429410726284,53.46121583752371
2019-07-08,64.14181237059972,53.4273448732973
2019-07-09,64.09678956386585,53.46103959434443
2019-07-10,64.0870014975464,53.51319362411984
2019-07-11,64.09250496141783,53.55936000438656
2019-07-12,64.11171625006219,53.6041971740273
2019-07-13,64.11369118584886,53.68370021214837
2019-07-14,64.13715882503311,53.768105067281496
2019-07-15,64.15122420112915,53.827775918341885
2019-07-16,64.15968650613888,53.842818611065454
2019-07-17,64.18348939332242,53.83568308273159
2019-07-18,64.2325635387573,53.82433284085883
2019-07-19,64.236214951692,53.83476964923382
2019-07-20,64.22813394236313,53.86042060575098
2019-07-21,64.22571935535348,53.89858868524581
2019-07-22,64.23358450729455,53.94299543730658
2019-07-23,64.23297798853987,54.01738425938152
2019-07-24,64.23297003076655,54.08691431496236
2019-07-25,64.22923797137997,54.18650474350326
2019-07-26,64.223984672422,54.27060273253388
2019-07-27,64.21649616389425,54.33892300997077
2019-07-28,64.21498378863834,54.36288917482446
2019-07-29,64.22002248238144,54.37304801945135
2019-07-30,64.24498650227602,54.39275694392608
2019-07-31,64.25973774664263,54.47670992122154
2019-08-01,64.26260981468357,54.62590449248496
2019-08-02,64.26252479918878,54.789594002535885
2019-08-03,64.28429569124322,54.921503010418775
2019-08-04,64.29679113666646,55.01685089381415
2019-08-05,64.31460534924672,55.1250631339783
2019-08-06,64.34173571558068,55.21396375949453
2019-08-07,64.35432242494124,55.305360721637214
2019-08-08,64.3587413947986,55.36953921520175
2019-08-09,64.35697349789749,55.45099279950115
2019-08-10,64.34996556891747,55.52925495617507
2019-08-11,64.34022891041988,55.62427581890511
2019-08-12,64.33497742368371,55.6987553037021
2019-08-13,64.31943108010594,55.75999618992233
2019-08-14,64.32064113822301,55.83796673885306
2019-08-15,64.30032105665528,55.94120863980584
2019-08-16,64.30220755978911,56.06592584878618
2019-08-17,64.29028270171662,56.1734253436828
2019-08-18,64.28309856204575,56.29397812864873
2019-08-19,64.29535807051161,56.429182942738855
2019-08-20,64.2959094315022,56.59479714995121
2019-08-21,64.287410403658,56.75020328865508
2019-08-22,64.27095026892786,56.88059121179288
2019-08-23,64.25948817188595,56.98760199706131
2019-08-24,64.25119920849707,57.0648218571019
2019-08-25,64.24998255324135,57.13917140482562
2019-08-26,64.23962949886533,57.22480044950751
2019-08-27,64.2283874463283,57.33976070970239
2019-08-28,64.21811799917424,57.475863106678965
2019-08-29,64.21039210149888,57.60007328636572
2019-08-30,64.18551471377032,57.63031383558821
2019-08-31,64.16155836189378,57.553504152671785
2019-09-01,64.14562646074252,57.46232732951066
2019-09-02,64.1182963865057,57.40344170453336
2019-09-03,64.10101100169472,57.39022086956666
2019-09-04,64.08443039733764,57.35194493419049
2019-09-05,64.08467777149664,57.36481409501441
2019-09-06,64.06962755126976,57.34674521026638
2019-09-07,64.05308170914375,57.3172218985955
2019-09-08,64.06179168247809,57.24856402674098
2019-09-09,64.0757991564789,57.19327063346111
2019-09-10,64.04630515850334,57.13736571511544
2019-09-11,64.03872592798733,57.0854228096734
2019-09-12,64.03133935057173,57.06828381264521
2019-09-13,64.03134643263499,57.06056898543982
2019-09-14,64.02299503519265,57.05222106191943
2019-09-15,64.00092612335223,57.03317278021793
2019-09-16,63.995839143811786,57.02851398205664
2019-09-17,64.00334456843646,57.007880234236886
2019-09-18,64.01525628092095,56.96859412706643
2019-09-19,64.01911874065667,56.89428218518364
2019-09-20,64.01809302727834,56.82347023086602
2019-09-21,64.01923438997594,56.75447929189468
2019-09-22,64.02952622192959,56.70180262799325
2019-09-23,64.02570294948286,56.6669282117412
2019-09-24,64.0257919507742,56.66026128917752
2019-09-25,64.02457689742903,56.62906452198386
2019-09-26,64.02183859110693,56.593930376442486
2019-09-27,64.01112281967372,56.53588113509787
2019-09-28,64.00127843838112,56.53983561589215
2019-09-29,63.99689891212356,56.59069571628935
2019-09-30,64.00702717795558,56.709184667355565
2019-10-01,64.00582186174164,56.79173259059901
2019-10-02,63.99452441223302,56.82952299817836
2019-10-03,63.99126421251787,56.8161260518708
2019-10-04,63.98114038388271,56.79609443419231
2019-10-05,63.95204379756965,56.73892150618475
2019-10-06,63.92653634737033,56.70306206515847
2019-10-07,63.91632882243965,56.68023239013869
2019-10-08,63.903480306832,56.6812378969886
2019-10-09,63.89079795324714,56.66494889287488
2019-10-10,63.87800072468177,56.63503281530589
2019-10-11,63.8666106319157,56.617992086902895
2019-10-12,63.85923734071114,56.55987691130229
2019-10-13,63.846152971199906,56.50350003819296
2019-10-14,63.82352003679822,56.45039401922306
2019-10-15,63.806573535663276,56.44662038082275
2019-10-16,63.80142710376515,56.44644017292018
2019-10-17,63.785761713803176,56.45019207638036
2019-10-18,63.75868974135205,56.44820890988742
2019-10-19,63.7363750230314,56.4516917962766
2019-10-20,63.73044384626582,56.45644124548787
2019-10-21,63.7348358693135,56.45607795746761
2019-10-22,63.728871265485395,56.4355303613628
2019-10-23,63.72850439983251,56.36079623949573
2019-10-24,63.722057150693786,56.25825220534762
2019-10-25,63.709182182260875,56.202062123159386
2019-10-26,63.691200108406846,56.16014767348164
2019-10-27,63.67989413377263,56.12265601003144
2019-10-28,63.668868215568914,56.007421550225786
2019-10-29,63.65709952191649,55.89469035526906
2019-10-30,63.647643458932684,55.78956472242746
2019-10-31,63.64342780828739,55.739227315711936
2019-11-01,63.63801127036476,55.71110782467558
2019-11-02,63.62714559797695,55.69788910189871
2019-11-03,63.63489931537636,55.71082950287818
2019-11-04,63.634714624148394,55.743895839469566
2019-11-05,63.64104051387954,55.75548775522561
2019-11-06,63.64595232170365,55.73525454682853
2019-11-07,63.647802840491025,55.66428362665011
2019-11-08,63.68063219595553,55.571602907476034
2019-11-09,63.71516192611556,55.48007018560544
2019-11-10,63.708735758053564,55.36394712375458
2019-11-11,63.69734921296813,55.30189812249691
2019-11-12,63.67094630186977,55.21156099833736
2019-11-13,63.64682013405322,55.1108559898777
2019-11-14,63.631061842127814,54.924158111413774
2019-11-15,63.60081941491235,54.738587891308434
2019-11-16,63.56616123677794,54.54964963740589
2019-11-17,63.536615873189426,54.35173587548539
2019-11-18,63.51368212016339,54.16570213459915
2019-11-19,63.49129564095631,53.976234365336026
2019-11-20,63.47164180481232,53.80267596405726
2019-11-21,63.442701269759056,53.62202090117922
2019-11-22,63.409620157897365,53.52021191795986
2019-11-23,63.421098468121656,53.41425260779229
2019-11-24,63.43854245746178,53.27510619863554
2019-11-25,63.459998696105686,53.08858363733342
2019-11-26,63.459298600588596,52.89791312985106
2019-11-27,63.46052199006428,52.73589734015418
2019-11-28,63.447701992923875,52.59350420396996
2019-11-29,63.42052076737056,52.44902641979836
2019-11-30,63.39953918970014,52.25178786165115
2019-12-01,63.37238405552255,52.02059828679828
2019-12-02,63.34720668882781,51.774346711274525
2019-12-03,63.304077334592186,51.52849143254962
2019-12-04,63.22759253168368,51.24389656495109
2019-12-05,63.16942307638749,50.98580031818813
2019-12-06,63.11304556920602,50.76059412203699
2019-12-07,63.07578595174852,50.6041362939427
2019-12-08,63.0323084388094,50.479937398618574
2019-12-09,62.988436315491256,50.34712914836396
2019-12-10,62.94806992802912,50.23418152754643
2019-12-11,62.90325072362178,50.08438412428127
2019-12-12,62.89802880090813,49.98520604663916
2019-12-13,62.87123074062358,49.91889896657387
2019-12-14,62.841620426683605,49.93949583369781
2019-12-15,62.854672212259814,49.923260762142064
2019-12-16,62.83173871215901,49.89575296592335
2019-12-17,62.866913803925755,49.87862719516128
2019-12-18,62.8357197094738,49.87538905459069
2019-12-19,62.762655192464365,49.8579879680781
2019-12-20,62.70854733414704,49.810213792447946
2019-12-21,62.65770827057397,49.82413420088414
2019-12-22,62.60540884840327,49.816147456490974
2019-12-23,62.55690201301885,49.84415053422664
2019-12-24,62.53127210983788,49.8512266038757
2019-12-25,62.511591631394126,49.903447958771245
2019-12-26,62.485028242998986,49.98417074046818
2019-12-27,62.45835598688094,50.08809853480605
2019-12-28,62.44932603116672,50.15432590500112
2019-12-29,62.44288612029139,50.18569824585453
2019-12-30,62.44871599063117,50.25169958423614
2019-12-31,62.45367645790922,50.37013590283608
2020-01-01,62.476038144977245,50.53593598361456
2020-01-02,62.531081496403715,50.70358397686948
2020-01-03,62.58202068133627,50.937762840188974
2020-01-04,62.59502722542815,51.15214961230164
2020-01-05,62.585445636161744,51.361992679482654
2020-01-06,62.5837376930783,51.52379606877822
2020-01-07,62.578513917754016,51.70440876292872
2020-01-08,62.53871106992733,51.91263672711739
2020-01-09,62.52210694941978,52.1437192728371
2020-01-10,62.48572650511387,52.39510090807163
2020-01-11,62.51909654936381,52.614913915703966
2020-01-12,62.56348364203527,52.77502872146172
2020-01-13,62.63381241992215,52.85224847050755
2020-01-14,62.64812862434652,52.97308651048892
2020-01-15,62.66110093524818,53.121573393265066
2020-01-16,62.68940618037897,53.29722810445839
2020-01-17,62.7392675464508,53.43971795817957
2020-01-18,62.75489801306906,53.64791710210229
2020-01-19,62.77651240183699,53.90972629869864
2020-01-20,62.809717684637626,54.12487601768785
2020-01-21,62.85158426052163,54.28547377923936
2020-01-22,62.86598681627507,54.39176113860308
2020-01-23,62.89441082683112,54.53321041778739
2020-01-24,62.91706292846134,54.66578447383135
2020-01-25,62.96434726851798,54.78538351566822
2020-01-26,62.98449164809212,54.87781112971791
2020-01-27,62.9616723445567,54.97590658492541
2020-01-28,62.930843046947764,55.10777255431932
2020-01-29,62.93680555277455,55.24702159965771
2020-01-30,62.9491522168789,55.3728726326595
2020-01-31,62.969595637944515,55.4571297570465
2020-02-01,62.98080965221784,55.526518648486366
2020-02-02,63.05993325561794,55.56468083343182
2020-02-03,63.17601524759908,55.640865751035264
2020-02-04,63.27357412863411,55.72953114610272
2020-02-05,63.267705713422316,55.853679254708815
2020-02-06,63.2962878946819,55.932362899850816
2020-02-07,63.27149367427103,55.992684845927705
2020-02-08,63.263694718852484,56.01093117340263
2020-02-09,63.288919020047075,56.00036731882537
2020-02-10,63.32292411163028,55.98861884271539
2020-02-11,63.33801632167877,56.0158167357763
2020-02-12,63.34449262861825,56.09568922712509
2020-02-13,63.32842628884929,56.149931471461045
2020-02-14,63.27074863788169,56.16692527524796
2020-02-15,63.212562489661984,56.1487026693928
2020-02-16,63.19684948325992,56.1312748339664
2020-02-17,63.19372672266555,56.03353333741425
2020-02-18,63.165403493153796,55.88195996371022
2020-02-19,63.12741484563602,55.74821417858471
2020-02-20,63.10447091545416,55.68279334604105
2020-02-21,63.09600733804511,55.68537818795659
2020-02-22,63.13886168336169,55.65133382917772
2020-02-23,63.17589339823519,55.60641533402119
2020-02-24,63.193046509343304,55.52339676227192
2020-02-25,63.19636448883967,55.46645487843894
2020-02-26,63.20079917922365,55.41536410006607
2020-02-27,63.16176041690326,55.34139032752854
2020-02-28,63.0576082243012,55.24573576589507
2020-02-29,62.96463684284036,55.15259943078191
2020-03-01,62.971190684929816,55.09407015076968
2020-03-02,62.946442564524126,55.048566134747865
2020-03-03,62.92532878261357,54.99428745621182
2020-03-04,62.901253348970286,54.91922701564887
2020-03-05,62.883973680980404,54.84166674703163
2020-03-06,62.85037011911385,54.74925636648795
2020-03-07,62.81797763850737,54.66980141678334
2020-03-08,62.83044657444452,54.5718810219619
2020-03-09,62.86646026905162,54.492055718005645
2020-03-10,62.92011890427895,54.443326838025314
2020-03-11,62.96206871263393,54.409365701364905
2020-03-12,62.97890008724456,54.37106129169147
2020-03-13,62.98769919043211,54.30246906297037
2020-03-14,63.021233635314886,54.23895697527901
2020-03-15,63.05604718602738,54.18930952646882
2020-03-16,63.08082829688932,54.14096326231821
2020-03-17,63.08695701655787,54.08906131404515
2020-03-18,63.05910041844705,54.07320727306176
2020-03-19,63.05599478204948,54.08301896451075
2020-03-20,63.0434640157765,54.08770749422585
2020-03-21,63.04690005975384,54.069272347268885
2020-03-22,63.05849475501724,54.01219114284957
2020-03-23,63.07292658956353,54.003336368618186
2020-03-24,63.09829791599929,53.9869052347869
2020-03-25,63.109563001178095,53.9956821862222
2020-03-26,63.11147888421728,53.96839403920018
2020-03-27,63.09612539792836,53.93765650918111
2020-03-28,63.12501132540682,53.931181279130506
2020-03-29,63.16484439062222,53.9319376770594
2020-03-30,63.24794050792553,53.9389931313633
2020-03-31,63.26776309868668,53.93608592932666
2020-04-01,63.289821118002116,53.93824212570531
2020-04-02,63.301730797321206,53.94237893217901
2020-04-03,63.293246213380016,53.91682711206611
2020-04-04,63.290743191294794,53.86345951788553
2020-04-05,63.29843764219917,53.797218229649495
2020-04-06,63.31478937901416,53.75640485949536
2020-04-07,63.324120912242876,53.746110998189465
2020-04-08,63.36638177463769,53.733548582105634
2020-04-09,63.38150541862639,53.69132633608058
2020-04-10,63.37797444319082,53.63686296104279
2020-04-11,63.379809550955905,53.58079758667197
2020-04-12,63.390548920911705,53.56152528943668
2020-04-13,63.41286019648151,53.54616116071772
2020-04-14,63.41558123909895,53.549987503851135
2020-04-15,63.42732433981344,53.55773877416895
2020-04-16,63.431467744455034,53.60084152487023
2020-04-17,63.434436530859706,53.64308548075334
2020-04-18,63.43829745470175,53.688311064511936
2020-04-19,63.40788636248539,53.68852253975636
2020-04-20,63.377146149495005,53.65516833969436
2020-04-21,63.37220698693897,53.60074804236711
2020-04-22,63.371851544704064,53.54928608090165
2020-04-23,63.35553998070765,53.544491290563975
2020-04-24,63.32021074083892,53.57276032540824
2020-04-25,63.28075451995186,53.61917232372558
2020-04-26,63.28390594592501,53.68254928267921
2020-04-27,63.28412236330814,53.713837455063256
2020-04-28,63.29257372746535,53.74961787355092
2020-04-29,63.296731238101074,53.75112590004782
2020-04-30,63.29102709673333,53.73908999020135
2020-05-01,63.27668278907387,53.71269081722014
2020-05-02,63.26261717715914,53.68411947045832
2020-05-03,63.25967910786037,53.70436591159171
2020-05-04,63.257713467232264,53.75712494504483
2020-05-05,63.270689191627056,53.85651572356525
2020-05-06,63.28877848210209,53.93719222430118
2020-05-07,63.30425047893239,54.00189133413802
2020-05-08,63.310461512231335,54.04941167485698
2020-05-09,63.317042880534814,54.10030787900861
2020-05-10,63.32925307578307,54.14054538452612
2020-05-11,63.3518104576291,54.18596838406801
2020-05-12,63.34818556371716,54.20651960525436
2020-05-13,63.40428550348632,54.22433194790963
2020-05-14,63.40613268917,54.219690341120746
2020-05-15,63.49834794198915,54.22849132096386
2020-05-16,63.516254737512185,54.21456000260206
2020-05-17,63.50404415530972,54.18126500148218
2020-05-18,63.487587672839275,54.11157120684539
2020-05-19,63.48955353944942,54.09980813931345
2020-05-20,63.54574170127662,54.11679108020324
2020-05-21,63.59189950622146,54.17165892081487
2020-05-22,63.6553604613144,54.18419378136489
2020-05-23,63.74393762135167,54.14830888529311
2020-05-24,63.82136481054926,54.0919592750669
2020-05-25,63.859547017156885,54.04686109943535
2020-05-26,63.90987807338959,54.01092296263696
2020-05-27,63.96283351026041,54.01793601566258
2020-05-28,64.01693967844142,54.01262813178202
2020-05-29,64.05129622525757,54.033008426738654
2020-05-30,64.05150659699974,54.04346479171708
2020-05-31,64.08747418084968,54.0719128184153
2020-06-01,64.10637167631589,54.114994284284975
2020-06-02,64.12818808689065,54.119938067176655
2020-06-03,64.14290430182723,54.11216050767082
2020-06-04,64.19846241642348,54.07510258336186
2020-06-05,64.2060577551151,54.06237654137621
2020-06-06,64.22477272130149,54.07768301443862
2020-06-07,64.23170819802945,54.113461597720686
2020-06-08,64.24260283130758,54.16833636755568
2020-06-09,64.2159418483929,54.232085054115785
2020-06-10,64.21829685245467,54.27987968250881
2020-06-11,64.18789652311975,54.33597440685314
2020-06-12,64.22502683095297,54.42189631181366
2020-06-13,64.23324889970883,54.5589960421952
2020-06-14,64.24774580890144,54.70532850541944
2020-06-15,64.24142410187198,54.84954632462421
2020-06-16,64.18773037256099,55.00191019488311
2020-06-17,64.15727010689683,55.19047713124903
2020-06-18,64.08758733348739,55.35709543552323
2020-06-19,64.20423180402169,55.54117141189161
2020-06-20,64.22468954877705,55.69781004133607
2020-06-21,64.15713114585076,55.87356448345495
2020-06-22,64.1165708140258,56.054361369780814
2020-06-23,64.09609082413851,56.21516648393815
2020-06-24,64.04157582601722,56.33851095403692
2020-06-25,64.01875391010944,56.43004331662232
2020-06-26,63.990028755544714,56.50120571462443
2020-06-27,63.93660581423584,56.60235406962462
2020-06-28,63.900862918744735,56.69170116427009
2020-06-29,63.887562432774416,56.800324025768425
2020-06-30,63.86978933691469,56.88514386799986
2020-07-01,63.855267175664586,56.9732242668366
2020-07-02,63.9014815181467,57.09030011875015
2020-07-03,63.94571183106582,57.192488017664566
2020-07-04,63.959048767715714,57.25867436715827
2020-07-05,64.04752436777866,57.27884174001765
2020-07-06,64.11440355215319,57.2789975353254
2020-07-07,64.19463681889408,57.285325277820775
2020-07-08,64.31712460133767,57.28563747797671
2020-07-09,64.46747189742042,57.28621850302781
2020-07-10,64.59276035037303,57.3029898296846
2020-07-11,64.67830454141455,57.30129949397802
2020-07-12,64.75396798721115,57.28057175881656
2020-07-13,64.82996299289493,57.19981669763366
2020-07-14,64.88895377413122,57.11522916242459
2020-07-15,64.93804926005603,57.04460917182097
2020-07-16,64.97453400864605,57.01297453552896
2020-07-17,64.99340805062997,56.98713997989811
2020-07-18,64.81915310696266,56.9847415924696
2020-07-19,64.79242755630972,56.96599840904298
2020-07-20,64.8206546107939,56.96376207748468
2020-07-21,64.84585084679529,56.93684325602952
2020-07-22,64.90398474237631,56.92348793335177
2020-07-23,64.97297696740216,56.94613330874186
2020-07-24,65.07715458439793,57.04747962466014
2020-07-25,65.15818471652128,57.191634110287545
2020-07-26,65.22742442063296,57.34815525036557
2020-07-27,65.3052861029023,57.48720189170419
2020-07-28,65.36485131020464,57.64139017447026
2020-07-29,65.40321168690127,57.803636181298856
2020-07-30,65.43844418780793,57.97095661288616
2020-07-31,65.4544284846834,58.11520245502713
2020-11-02,64.44106065489194,56.75082555210943
2020-11-03,64.43996543955697,56.68317511168399
2020-11-04,64.44245358303709,56.61762198500097
2020-11-05,64.45009431942286,56.522757093145245
2020-11-06,64.45385484646923,56.402799400378406
2020-11-07,64.44617023800485,56.28387740858389
2020-11-08,64.43684424059363,56.185577059872806
2020-11-09,64.43514614554488,56.10264175801049
2020-11-10,64.44047867446187,55.97811659622083
2020-11-11,64.45009754607605,55.859916678944906
2020-11-12,64.45822504174672,55.75071874647514
2020-11-13,64.46744319949387,55.6850766057719
2020-11-14,64.48619336748999,55.63018353345701
2020-11-15,64.46858386749301,55.58955215355965
2020-11-16,64.48322893402313,55.55493079776532
2020-11-17,64.53737834833655,55.54430729649656
2020-11-18,64.53848865944643,55.561088772281
2020-11-19,64.60912033337348,55.60954556894725
2020-11-20,64.65635151229112,55.65158891780271
2020-11-21,64.6445068567342,55.699350119962645
2020-11-22,64.66277243381042,55.72920090366416
2020-11-23,64.68076622160388,55.74861664126292
2020-11-24,64.69703843797672,55.7179556172325
2020-11-25,64.68120836968131,55.665802526865576
2020-11-26,64.70284652252096,55.618068253624784
2020-11-27,64.73096740025821,55.6176028733441
2020-11-28,64.71033942138646,55.6534892275116
2020-11-29,64.71051826032578,55.71386658631657
2020-11-30,64.73674152539029,55.79722190176128
2020-12-01,64.74231722857225,55.88461475244185
2020-12-02,64.73641498425627,55.973385498630286
2020-12-03,64.73503014756277,56.05130911588788
2020-12-04,64.7556714463816,56.107535428356286
2020-12-05,64.76033593981455,56.166050327525646
2020-12-06,64.78451585481491,56.24097883288538
2020-12-07,64.8436587137277,56.34813660006754
2020-12-08,64.92099673794509,56.45227452270393
2020-12-09,65.0034283960972,56.538463917224
2020-12-10,65.05753144858548,56.63634456739791
2020-12-11,65.09469765090071,56.733889989546846
2020-12-12,65.13991245234138,56.8480497471369
2020-12-13,65.17828411767105,56.95612404927683
2020-12-14,65.24352407023399,57.02777638116193
2020-12-15,65.25566505785338,57.093485625922135
2020-12-16,65.2771168473129,57.17298441427032
2020-12-17,65.26533183487305,57.26329552344593
2020-12-18,65.24809704175962,57.35526502508311
2020-12-19,65.20298561094621,57.41916107826772
2020-12-20,65.21247318219429,57.52776274390126
2020-12-21,65.20549051108812,57.61712323442151
2020-12-22,65.18803297069849,57.6997516638885
2020-12-23,65.17246576459783,57.73629182425201
2020-12-24,65.21917586860825,57.76017364058429
2020-12-25,65.2693147088076,57.78303832485142
2020-12-26,65.28042511527129,57.829775014218576
2020-12-27,65.27739041697555,57.88933951665698
2020-12-28,65.29225949977038,57.95616281284975
2020-12-29,65.29226081570822,57.98674196391383
2020-12-30,65.28711014785686,57.97071912931776
2020-12-31,65.29293794745975,57.93046228337733
2021-01-01,65.32589248777339,57.88403903670776
2021-01-02,65.3428068287031,57.846236860818784
2021-01-03,65.35313374105424,57.82390452611598
2021-01-04,65.36251225659267,57.83216551711971
2021-01-05,65.33536831198963,57.86370523476644
2021-01-06,65.26828946827032,57.86567140523582
2021-01-07,65.18541115987992,57.84261932945893
2021-01-08,65.11914095803758,57.786776435880526
2021-01-09,65.08330177836885,57.72022701276853
2021-01-10,65.03892443014317,57.63506245101985
2021-01-11,65.02301107131893,57.53503245455162
2021-01-12,64.97417213219836,57.42888189553639
2021-01-13,64.93657371764834,57.36502233412551
2021-01-14,64.86852500690671,57.30865886450384
2021-01-15,64.85335049370516,57.24519656742468
2021-01-16,64.86074617582585,57.139997982206246
2021-01-17,64.84009786438531,57.03024091926442
2021-01-18,64.81538202776468,56.912737920343936
2021-01-19,64.79539211902822,56.76054324072367
2021-01-20,64.76845428533977,56.61556845393668
2021-01-21,64.72178558740355,56.472488889672
2021-01-22,64.64133454788578,56.41622141914557
2021-01-23,64.58514806105785,56.41248624780807
2021-01-24,64.56427069964201,56.46027918542866
2021-01-25,64.54340728754477,56.47776676886469
2021-01-26,64.53539051812729,56.44044129497816
2021-01-27,64.51339614699774,56.36672301622257
2021-01-28,64.47843599438607,56.295071074866975
2021-01-29,64.42911789559287,56.24850868091573
2021-01-30,64.38430544955695,56.20800557304329
2021-01-31,64.39901374501164,56.16120770019096
2021-02-01,64.38735658544502,56.10697467989621
2021-02-02,64.39074306408348,56.06206336009843
2021-02-03,64.41448320416376,55.98171320190068
2021-02-04,64.4160791310735,55.88284353136995
2021-02-05,64.4164035942394,55.794031519625285
2021-02-06,64.40885001617282,55.75515544695448
2021-02-07,64.40010939245977,55.78817763113596
2021-02-08,64.38343123282493,55.83885985349529
2021-02-09,64.37851375564688,55.90776596874968
2021-02-10,64.41385303085994,55.95632010760745
2021-02-11,64.46099894667397,56.01351261149868
2021-02-12,64.442536773445,56.031642365735294
2021-02-13,64.41613277379531,56.029450732598896
2021-02-14,64.4104899707628,56.01925320778997
2021-02-15,64.40705997944664,56.01959724693066
2021-02-16,64.41406657474025,56.01277928466204
2021-02-17,64.44475525873486,56.009900623568704
2021-02-18,64.45594195861068,56.02516712069718
2021-02-19,64.52348671509094,56.06837996257521
2021-02-20,64.59145495430644,56.15744008286093
2021-02-21,64.63378854433924,56.24285318029949
2021-02-22,64.66971819436604,56.29753979018547
2021-02-23,64.6804636101196,56.30599925699089
2021-02-24,64.70127695100298,56.295945028959856
2021-02-25,64.75242090422319,56.32274548169728
2021-02-26,64.7781179977376,56.369938978843024
2021-02-27,64.8025889847093,56.452423707366655
2021-02-28,64.80957221006493,56.5424852756636
2021-03-01,64.81031854849061,56.62095033844965
2021-03-02,64.85864539124907,56.70748898140848
2021-03-03,64.85354075628835,56.814114209033576
2021-03-04,64.86042953232501,56.93529532237904
2021-03-05,64.88437045252388,57.0764643947448
2021-03-06,64.90407097124788,57.1887384489949
2021-03-07,64.94505254761467,57.274212339810816
2021-03-08,64.95384238309441,57.30872053255054
2021-03-09,64.95193468409315,57.28750390811729
2021-03-10,64.93714280384403,57.27382090203236
2021-03-11,64.90471882734423,57.27758814841512
2021-03-12,64.8978731882722,57.336090897909614
2021-03-13,64.92024655031972,57.39129816639552
2021-03-14,64.92768924075162,57.455119544029614
2021-03-15,64.98153622026649,57.49932820834138
2021-03-16,64.98546072464349,57.50273942914713
2021-03-17,64.99238727713157,57.493112635340864
2021-03-18,64.97820150071789,57.468716574306384
2021-03-19,65.00723001340107,57.48220292212017
2021-03-20,64.99887878706377,57.49945836550179
2021-03-21,64.94687908123251,57.496673322784005
2021-03-22,64.93793774814866,57.44149323378437
2021-03-23,64.94783271354832,57.31547791731892
